shape_idx,PyTorch (cuDNN),Triton
0.000000,97.639783,34.968393
1.000000,151.464800,96.845692
2.000000,143.463132,97.165341
3.000000,157.046030,100.297585
4.000000,153.827941,95.966277
5.000000,162.243847,102.621662
6.000000,161.765856,101.028118
7.000000,167.176219,102.537452
