spatial_size,PyTorch (cuDNN),Triton
8.000000,4.058422,3.884681
16.000000,30.823682,32.172218
24.000000,72.387489,30.527631
32.000000,81.384267,83.792974
48.000000,140.957384,93.022434
64.000000,155.451208,99.677600
80.000000,161.396641,101.661655
96.000000,167.356634,103.182130
128.000000,166.223434,103.016950
